{
  "notes": [
    {
      "id": 1,
      "title": "Read Angular5 blog",
      "text": "Shall do at 6 pm"
    },
    {
      "id": 2,
      "title": "Call Ravi",
      "text": "Track the new submissions"
    },
    {
      "id": 3,
      "title": "Monday",
      "text": "it's time to learn"
    },
    {
      "id": 4,
      "title": "Read Angular 5 blog",
      "text": "Shall do at 6 pm"
    },
    {
      "id": 5,
      "title": "Testing",
      "text": "It's a good day"
    },
    {
      "id": 6,
      "title": "Read Angular 5 blog",
      "text": "Shall do at 6 pm"
    }
  ]
}