{
  "user": [
    {
      "id": "1",
      "name": "Rai",
      "address": "Street XYZ",
      "password": "test123"
    },
    {
      "id": "2",
      "name": "Shiva",
      "address": "Seah Street",
      "password": "test456"
    },
    {
      "id": "3",
      "name": "Siya",
      "address": "Ram Street",
      "password": "test789"
    },
    {
      "id": "4",
      "name": "Hari",
      "address": "Mandy Street",
      "password": "test102"
    },
    {
      "id": "5",
      "name": "Pani",
      "address": "Kasi Street",
      "password": "test123"
    },
    {
      "id": "9",
      "name": "Usha",
      "address": "Street Fancy xyz",
      "password": "pass9087654"
    },
    {
      "id": "13",
      "name": "Mary",
      "address": "address1",
      "password": "pass1"
    },
    {
      "id": "77",
      "name": "uranis",
      "address": "add123",
      "password": "pass23456"
    },
    {
      "id": "34",
      "name": "Uma",
      "address": "add12345",
      "password": "pass980"
    },
    {
      "id": "87",
      "name": "Satheesh",
      "address": "address234",
      "password": "pass989"
    },
    {
      "id": "124",
      "name": "Nani",
      "address": "address vellur",
      "password": "pass23456"
    },
    {
      "id": "66",
      "name": "sample134",
      "address": "sample",
      "password": "samp1234"
    },
    {
      "id": "20",
      "name": "Tapasya",
      "address": "swamistreet",
      "password": "samp1234"
    },
    {
      "id": "29",
      "name": "Geetha",
      "address": "amritapuristreet",
      "password": "samp1234"
    }
  ]
}