<?xml version="1.0" encoding="UTF-8"?>
<beans xmlns="http://www.springframework.org/schema/beans"
	xmlns:xsi="http://www.w3.org/2001/XMLSchema-instance"
	xsi:schemaLocation="http://www.springframework.org/schema/beans http://www.springframework.org/schema/beans/spring-beans.xsd">

 <bean id="itembean" class="com.ustg.ustactivitycore.Item">
  <property name="itemid" value="1"/>
   <property name="itemname" value="Juice"/>
    <property name="price" value="500" />
  
</bean>

 <bean id="orderbean" class="com.ustg.ustactivitycore.Order">
  <property name="orderid" value="2"/>
   <property name="customername" value="Nisha"/>
    <property name="itemobj" ref="itembean" />
  
</bean>        
 

</beans>