{
  "notes": [
    {
      "id": 1,
      "title": "Read Angular5 blog",
      "text": "Shall do at 6 pm",
      "state": "completed"
    },
    {
      "id": 2,
      "title": "Call Ravi",
      "text": "Track the new submissions",
      "state": "started"
    },
    {
      "title": "Capitalism",
      "text": "Mark Twain",
      "id": 3,
      "state": "completed"
    },
    {
      "id": 4,
      "title": "Monday",
      "text": "time to learn",
      "state": "started"
    },
    {
      "id": 5,
      "title": "Monday",
      "text": "time to learn",
      "state": "not-started"
    },
    {
      "id": 6,
      "title": "Testing",
      "text": "Preparation to do.",
      "state": "not-started"
    },
    {
      "id": 7,
      "title": "Saturday",
      "text": "interview success",
      "state": "not-started"
    },
    {
      "id": 8,
      "title": "Saturday preparation ",
      "text": "Special task to be completed",
      "state": "started"
    },
    {
      "id": 9,
      "title": "Read Angular 1 blog",
      "text": "Shall do at 10.30 pm",
      "state": "not-started"
    },
    {
      "id": 10,
      "title": "Read Angular 1 blog",
      "text": "Shall do at 10.30 pm",
      "state": "not-started"
    }
  ]
}