<?xml version="1.0" encoding="UTF-8"?>
<beans xmlns="http://www.springframework.org/schema/beans"
	xmlns:xsi="http://www.w3.org/2001/XMLSchema-instance"
	xsi:schemaLocation="http://www.springframework.org/schema/beans http://www.springframework.org/schema/beans/spring-beans.xsd">



<bean id="foodbean" class="com.stackroute.foodapp.FoodItem" scope="prototype">
  <property name="itemname" value="1"/>
    <property name="price" value="500" />
  
</bean>

<bean id="billbean" class="com.stackroute.foodapp.Bill" scope="prototype">
  <property name="billno" value="122"/>
    <property name="fooditem2" ref="foodbean"/>
  
</bean>

<bean id="hotelbean" class="com.stackroute.foodapp.Hotel" scope="singleton" autowire="byType">
  <property name="hotelname" value="Saravana"/>
    <property name="location" value="Chennai"/>
  
</bean>

</beans>