{
  "Product": [
    {
      "id": 1,
      "Productname": "Bag",
      "Qty": 10
    },
    {
      "id": 2,
      "Productname": "Cover",
      "Qty": 13
    },
    {
      "id": 3,
      "Productname": "laptopcase",
      "Qty": 3
    },
    {
      "id": 5,
      "Productname": "Dairybook",
      "Qty": 7
    },
    {
      "id": 6,
      "Productname": "Cooker",
      "Qty": 4
    },
    {
      "id": 10,
      "Productname": "BookFiction HarryPotter",
      "Qty": 3
    },
    {
      "id": 11,
      "Productname": "",
      "Qty": 0
    },
    {
      "id": 17,
      "Productname": "AloeGel",
      "Qty": 8
    },
    {
      "id": 19,
      "Productname": "AloeGel",
      "Qty": 6
    },
    {
      "id": 20,
      "Productname": "",
      "Qty": 0
    }
  ]
}