{
  "notes": [
    {
      "id": 1,
      "title": "Read Angular 5 blog",
      "text": "Shall do at 6 pm"
    },
    {
      "id": 2,
      "title": "admin",
      "text": "Note the password"
    },
    {
      "id": 3,
      "title": "It's Sunday",
      "text": "Make a difference"
    },
    {
      "id": 4,
      "title": "It's a Tues",
      "text": "Practice Angular"
    },
    {
      "id": 5,
      "title": "",
      "text": "it's a good day"
    },
    {
      "id": 6,
      "title": "",
      "text": "it's a good day"
    }
  ]
}